url_path,views_total,views_unique
/dbpunk-labs/octogen,37,26
/dbpunk-labs/octogen/tree/main,15,2
/dbpunk-labs/octogen/tree/main/up,14,1
/dbpunk-labs/octogen/blob/main/README_zh_cn.md,8,2
/dbpunk-labs/octogen/blob/main/install_package.sh,7,2
/dbpunk-labs/octogen/blob/e931df1830bc38627914757b44d553653c1e7abe/examples/chainlit/chainlit_ui.py,4,1
/dbpunk-labs/octogen/blob/main/up/setup.py,4,1
/dbpunk-labs/octogen/tree/main/agent/src/og_agent,4,1
/dbpunk-labs/octogen/blob/main/agent/setup.py,2,1
/dbpunk-labs/octogen/blob/main/env_sample/codellama_env.sample,2,1
